[
    {
        "name": "smarty/smarty",
        "version": "v3.1.31",
        "version_normalized": "3.1.31.0",
        "source": {
            "type": "git",
            "url": "https://github.com/smarty-php/smarty.git",
            "reference": "c7d42e4a327c402897dd587871434888fde1e7a9"
        },
        "dist": {
            "type": "zip",
            "url": "https://api.github.com/repos/smarty-php/smarty/zipball/c7d42e4a327c402897dd587871434888fde1e7a9",
            "reference": "c7d42e4a327c402897dd587871434888fde1e7a9",
            "shasum": ""
        },
        "require": {
            "php": ">=5.2"
        },
        "time": "2016-12-14T21:57:25+00:00",
        "type": "library",
        "extra": {
            "branch-alias": {
                "dev-master": "3.1.x-dev"
            }
        },
        "installation-source": "dist",
        "autoload": {
            "files": [
                "libs/bootstrap.php"
            ]
        },
        "notification-url": "https://packagist.org/downloads/",
        "license": [
            "LGPL-3.0"
        ],
        "authors": [
            {
                "name": "Monte Ohrt",
                "email": "monte@ohrt.com"
            },
            {
                "name": "Uwe Tews",
                "email": "uwe.tews@googlemail.com"
            },
            {
                "name": "Rodney Rehm",
                "email": "rodney.rehm@medialize.de"
            }
        ],
        "description": "Smarty - the compiling PHP template engine",
        "homepage": "http://www.smarty.net",
        "keywords": [
            "templating"
        ]
    },
    {
        "name": "phpmailer/phpmailer",
        "version": "v5.2.24",
        "version_normalized": "5.2.24.0",
        "source": {
            "type": "git",
            "url": "https://github.com/PHPMailer/PHPMailer.git",
            "reference": "22d04c6a58145a244696f3f254c1875aa653b26a"
        },
        "dist": {
            "type": "zip",
            "url": "https://api.github.com/repos/PHPMailer/PHPMailer/zipball/22d04c6a58145a244696f3f254c1875aa653b26a",
            "reference": "22d04c6a58145a244696f3f254c1875aa653b26a",
            "shasum": ""
        },
        "require": {
            "ext-ctype": "*",
            "php": ">=5.0.0"
        },
        "require-dev": {
            "doctrine/annotations": "1.2.*",
            "jms/serializer": "0.16.*",
            "phpdocumentor/phpdocumentor": "2.*",
            "phpunit/phpunit": "4.8.*",
            "symfony/debug": "2.8.*",
            "symfony/filesystem": "2.8.*",
            "symfony/translation": "2.8.*",
            "symfony/yaml": "2.8.*",
            "zendframework/zend-cache": "2.5.1",
            "zendframework/zend-config": "2.5.1",
            "zendframework/zend-eventmanager": "2.5.1",
            "zendframework/zend-filter": "2.5.1",
            "zendframework/zend-i18n": "2.5.1",
            "zendframework/zend-json": "2.5.1",
            "zendframework/zend-math": "2.5.1",
            "zendframework/zend-serializer": "2.5.*",
            "zendframework/zend-servicemanager": "2.5.*",
            "zendframework/zend-stdlib": "2.5.1"
        },
        "suggest": {
            "league/oauth2-google": "Needed for Google XOAUTH2 authentication"
        },
        "time": "2017-07-26T21:00:20+00:00",
        "type": "library",
        "installation-source": "dist",
        "autoload": {
            "classmap": [
                "class.phpmailer.php",
                "class.phpmaileroauth.php",
                "class.phpmaileroauthgoogle.php",
                "class.smtp.php",
                "class.pop3.php",
                "extras/EasyPeasyICS.php",
                "extras/ntlm_sasl_client.php"
            ]
        },
        "notification-url": "https://packagist.org/downloads/",
        "license": [
            "LGPL-2.1"
        ],
        "authors": [
            {
                "name": "Jim Jagielski",
                "email": "jimjag@gmail.com"
            },
            {
                "name": "Marcus Bointon",
                "email": "phpmailer@synchromedia.co.uk"
            },
            {
                "name": "Andy Prevost",
                "email": "codeworxtech@users.sourceforge.net"
            },
            {
                "name": "Brent R. Matzelle"
            }
        ],
        "description": "PHPMailer is a full-featured email creation and transfer class for PHP"
    }
]
